{"base_lr": 1.7778400000000002e-05, "lr": 1.7778400000000002e-05, "data_time": 0.3170967896779378, "loss": 2.1189503272374473, "loss_cls": 0.9536053737004598, "loss_bbox": 1.1653449932734172, "time": 2.4187634785970054, "epoch": 1, "iter": 3, "memory": 1420, "step": 3}
{"coco/bbox_mAP": 0.0, "coco/bbox_mAP_50": 0.0, "coco/bbox_mAP_75": 0.0, "coco/bbox_mAP_s": -1.0, "coco/bbox_mAP_m": 0.0, "coco/bbox_mAP_l": 0.0, "data_time": 0.5002870559692383, "time": 0.6560018062591553, "step": 1}
{"base_lr": 4.444480000000002e-05, "lr": 4.444480000000002e-05, "data_time": 2.686003088951111, "loss": 2.0282358527183533, "loss_cls": 0.7460054258505503, "loss_bbox": 1.2822304368019104, "time": 3.853049715360006, "epoch": 2, "iter": 6, "memory": 1420, "step": 6}
{"coco/bbox_mAP": 0.0, "coco/bbox_mAP_50": 0.0, "coco/bbox_mAP_75": 0.0, "coco/bbox_mAP_s": -1.0, "coco/bbox_mAP_m": 0.0, "coco/bbox_mAP_l": 0.0, "data_time": 0.40761232376098633, "time": 0.5040997266769409, "step": 2}
{"base_lr": 7.111120000000003e-05, "lr": 7.111120000000003e-05, "data_time": 2.2487605942620172, "loss": 2.0202846924463906, "loss_cls": 0.7424381971359253, "loss_bbox": 1.2778465151786804, "time": 3.126037120819092, "epoch": 3, "iter": 9, "memory": 1420, "step": 9}
{"coco/bbox_mAP": 0.0, "coco/bbox_mAP_50": 0.0, "coco/bbox_mAP_75": 0.0, "coco/bbox_mAP_s": -1.0, "coco/bbox_mAP_m": 0.0, "coco/bbox_mAP_l": 0.0, "data_time": 0.3040584325790405, "time": 0.34708571434020996, "step": 3}
{"base_lr": 8.000000000000005e-05, "lr": 8.000000000000005e-05, "data_time": 1.9220554828643799, "loss": 2.0362792710463204, "loss_cls": 0.7930080195267996, "loss_bbox": 1.2432712614536285, "time": 2.632045785586039, "epoch": 4, "iter": 12, "memory": 1420, "step": 12}
{"coco/bbox_mAP": 0.0, "coco/bbox_mAP_50": 0.001, "coco/bbox_mAP_75": 0.0, "coco/bbox_mAP_s": -1.0, "coco/bbox_mAP_m": 0.0, "coco/bbox_mAP_l": 0.0, "data_time": 0.29650259017944336, "time": 0.3505750894546509, "step": 4}
{"base_lr": 8.000000000000005e-05, "lr": 8.000000000000005e-05, "data_time": 1.652908436457316, "loss": 2.0396811246871946, "loss_cls": 0.813228988647461, "loss_bbox": 1.2264521360397338, "time": 2.26332467397054, "epoch": 5, "iter": 15, "memory": 1420, "step": 15}
{"coco/bbox_mAP": 0.0, "coco/bbox_mAP_50": 0.001, "coco/bbox_mAP_75": 0.0, "coco/bbox_mAP_s": -1.0, "coco/bbox_mAP_m": 0.0, "coco/bbox_mAP_l": 0.001, "data_time": 0.2940561771392822, "time": 0.3616797924041748, "step": 5}
{"base_lr": 8.000000000000005e-05, "lr": 8.000000000000005e-05, "data_time": 1.4443378580941095, "loss": 2.0418411559528775, "loss_cls": 0.8179267081949446, "loss_bbox": 1.223914451069302, "time": 1.9973130226135254, "epoch": 6, "iter": 18, "memory": 1420, "step": 18}
{"coco/bbox_mAP": 0.001, "coco/bbox_mAP_50": 0.005, "coco/bbox_mAP_75": 0.0, "coco/bbox_mAP_s": -1.0, "coco/bbox_mAP_m": 0.0, "coco/bbox_mAP_l": 0.003, "data_time": 0.2789475917816162, "time": 0.3464832305908203, "step": 6}
{"base_lr": 8.000000000000005e-05, "lr": 8.000000000000005e-05, "data_time": 1.3220392635890417, "loss": 2.0444307156971524, "loss_cls": 0.8306900688580104, "loss_bbox": 1.2137406468391418, "time": 1.8390602724892753, "epoch": 7, "iter": 21, "memory": 1420, "step": 21}
{"coco/bbox_mAP": 0.001, "coco/bbox_mAP_50": 0.005, "coco/bbox_mAP_75": 0.0, "coco/bbox_mAP_s": -1.0, "coco/bbox_mAP_m": 0.0, "coco/bbox_mAP_l": 0.003, "data_time": 0.2754323482513428, "time": 0.3272979259490967, "step": 7}
{"base_lr": 8.000000000000005e-05, "lr": 8.000000000000005e-05, "data_time": 1.2116605838139851, "loss": 2.0594759434461594, "loss_cls": 0.8627010037501653, "loss_bbox": 1.1967749396959941, "time": 1.6865639487902324, "epoch": 8, "iter": 24, "memory": 1420, "step": 24}
{"coco/bbox_mAP": 0.005, "coco/bbox_mAP_50": 0.014, "coco/bbox_mAP_75": 0.001, "coco/bbox_mAP_s": -1.0, "coco/bbox_mAP_m": 0.0, "coco/bbox_mAP_l": 0.01, "data_time": 0.28793418407440186, "time": 0.32963359355926514, "step": 8}
{"base_lr": 8.000000000000005e-05, "lr": 8.000000000000005e-05, "data_time": 1.150969805540862, "loss": 2.0686261609748557, "loss_cls": 0.8852872075857939, "loss_bbox": 1.183338948973903, "time": 1.5973914994133844, "epoch": 9, "iter": 27, "memory": 1420, "step": 27}
{"coco/bbox_mAP": 0.011, "coco/bbox_mAP_50": 0.034, "coco/bbox_mAP_75": 0.0, "coco/bbox_mAP_s": -1.0, "coco/bbox_mAP_m": 0.04, "coco/bbox_mAP_l": 0.018, "data_time": 0.28137147426605225, "time": 0.3246302604675293, "step": 9}
{"base_lr": 8.000000000000005e-05, "lr": 8.000000000000005e-05, "data_time": 1.0795294682184855, "loss": 2.093336268266042, "loss_cls": 0.937961628039678, "loss_bbox": 1.1553746382395427, "time": 1.5065506140391032, "epoch": 10, "iter": 30, "memory": 1420, "step": 30}
{"coco/bbox_mAP": 0.018, "coco/bbox_mAP_50": 0.044, "coco/bbox_mAP_75": 0.004, "coco/bbox_mAP_s": -1.0, "coco/bbox_mAP_m": 0.065, "coco/bbox_mAP_l": 0.025, "data_time": 0.2867910861968994, "time": 0.3434891700744629, "step": 10}
{"base_lr": 7.916960882788466e-05, "lr": 7.916960882788466e-05, "data_time": 1.0173896226015957, "loss": 2.1075663313721167, "loss_cls": 0.9717589815457662, "loss_bbox": 1.1358073444077463, "time": 1.42843543399464, "epoch": 11, "iter": 33, "memory": 1420, "step": 33}
{"coco/bbox_mAP": 0.025, "coco/bbox_mAP_50": 0.05, "coco/bbox_mAP_75": 0.011, "coco/bbox_mAP_s": -1.0, "coco/bbox_mAP_m": 0.124, "coco/bbox_mAP_l": 0.035, "data_time": 0.2908371686935425, "time": 0.3442857265472412, "step": 11}
{"base_lr": 7.490896534380872e-05, "lr": 7.490896534380872e-05, "data_time": 0.9553770754072402, "loss": 2.107401039865282, "loss_cls": 0.9754887173573176, "loss_bbox": 1.1319123225079641, "time": 1.3559176921844482, "epoch": 12, "iter": 36, "memory": 1420, "step": 36}
{"coco/bbox_mAP": 0.035, "coco/bbox_mAP_50": 0.078, "coco/bbox_mAP_75": 0.038, "coco/bbox_mAP_s": -1.0, "coco/bbox_mAP_m": 0.186, "coco/bbox_mAP_l": 0.042, "data_time": 0.2809096574783325, "time": 0.32156431674957275, "step": 12}
{"base_lr": 6.742696304163666e-05, "lr": 6.742696304163666e-05, "data_time": 0.9143906128712189, "loss": 2.1230231798612156, "loss_cls": 1.009216927565061, "loss_bbox": 1.1138062507678301, "time": 1.3028715084760616, "epoch": 13, "iter": 39, "memory": 1420, "step": 39}
{"coco/bbox_mAP": 0.041, "coco/bbox_mAP_50": 0.092, "coco/bbox_mAP_75": 0.045, "coco/bbox_mAP_s": -1.0, "coco/bbox_mAP_m": 0.189, "coco/bbox_mAP_l": 0.048, "data_time": 0.28704190254211426, "time": 0.33047938346862793, "step": 13}
{"base_lr": 5.745599243688046e-05, "lr": 5.745599243688046e-05, "data_time": 0.8684085039865403, "loss": 2.1293267777987888, "loss_cls": 1.0258568170524778, "loss_bbox": 1.103469962165469, "time": 1.2493365208307903, "epoch": 14, "iter": 42, "memory": 1420, "step": 42}
{"coco/bbox_mAP": 0.044, "coco/bbox_mAP_50": 0.102, "coco/bbox_mAP_75": 0.04, "coco/bbox_mAP_s": -1.0, "coco/bbox_mAP_m": 0.25, "coco/bbox_mAP_l": 0.044, "data_time": 0.28151941299438477, "time": 0.32496142387390137, "step": 14}
{"base_lr": 4.597208160417088e-05, "lr": 4.597208160417088e-05, "data_time": 0.8313861529032389, "loss": 2.126007556915283, "loss_cls": 1.0254765523804559, "loss_bbox": 1.1005310111575657, "time": 1.2011084079742431, "epoch": 15, "iter": 45, "memory": 1420, "step": 45}
{"coco/bbox_mAP": 0.052, "coco/bbox_mAP_50": 0.114, "coco/bbox_mAP_75": 0.048, "coco/bbox_mAP_s": -1.0, "coco/bbox_mAP_m": 0.282, "coco/bbox_mAP_l": 0.046, "data_time": 0.2868746519088745, "time": 0.3275156021118164, "step": 15}
{"base_lr": 3.409935574892518e-05, "lr": 3.409935574892518e-05, "data_time": 0.8047930399576823, "loss": 2.1288843005895615, "loss_cls": 1.0333053916692734, "loss_bbox": 1.0955789188543956, "time": 1.1666116615136464, "epoch": 16, "iter": 48, "memory": 1420, "step": 48}
{"coco/bbox_mAP": 0.056, "coco/bbox_mAP_50": 0.121, "coco/bbox_mAP_75": 0.048, "coco/bbox_mAP_s": -1.0, "coco/bbox_mAP_m": 0.304, "coco/bbox_mAP_l": 0.048, "data_time": 0.294073224067688, "time": 0.3402132987976074, "step": 16}
{"base_lr": 2.3000000000000024e-05, "lr": 2.3000000000000024e-05,